MaChuyenXu;MaGiaoDan;NgayChuyen;NoiChuyen;LoaiChuyen;GhiChuChuyen;UpdateDate;MaGiaoXuRieng
1;119;;;2;;2018/10/05 01:43:01;1234
2;120;;;2;;2018/10/05 01:43:01;1234
3;288;1975;Bình Dương;1;;2018/10/05 01:43:01;1234
4;309;1994;Rạch Giá;1;;2018/10/05 01:43:01;1234
5;310;1994;Rạch Giá;1;;2018/10/05 01:43:01;1234
6;324;12/09/1999;Kontum;1;;2018/10/05 01:43:01;1234
7;322;12/09/1999;Kontum;1;;2018/10/05 01:43:01;1234
8;323;12/09/1999;Kontum;1;;2018/10/05 01:43:01;1234
9;747;1990;Phục Lễ;1;;2018/10/05 01:43:01;1234
10;918;24/02/2005;Phục Lễ, Thái Bình (Bắc VN);1;;2018/10/05 01:43:01;1234
11;1450;1995;Thánh Tâm, hạt Hố Nai, gp Xuân Lộc;1;;2018/10/05 01:43:01;1234
12;1461;1991;Lai Ổn, hạt Hòa Thanh, gp Xuân Lộc;1;;2018/10/05 01:43:01;1234
13;1534;12/09/1999;Núi Tung, Xuân Lộc;1;;2018/10/05 01:43:01;1234
14;1539;27/05/1999;Ngọc Đồng, Hòa Thanh, Xuân Lộc;1;;2018/10/05 01:43:01;1234
15;2158;;Tâm Hòa, hạt An Bình, gp Xuân Lộc;2;;2018/10/05 01:43:01;1234
16;2159;;Tâm Hòa, hạt An Bình, gp Xuân Lộc;2;;2018/10/05 01:43:01;1234
17;2198;23/04/2008;..., Gp Sài Gòn;1;;2018/10/05 01:43:01;1234
18;2703;10/09/2000;Quỳnh Lang, Thái Bình;1;;2018/10/05 01:43:01;1234
19;3235;20/06/2014;Gx Hòa Bình, Gh Hòa Thanh;2;;2018/10/05 01:43:01;1234
20;3239;14/09/2017;Gx Thánh Tâm, Hạt Hố Nai, Gp Xuân Lộc;2;;2018/10/05 01:43:01;1234
21;2175;2010;Thái Hòa;2;;2018/10/05 01:43:01;1234
22;2176;2010;Thái Hòa;2;;2018/10/05 01:43:01;1234
23;2177;2010;Thái Hòa;2;;2018/10/05 01:43:01;1234
24;2178;2010;Thái Hòa;2;;2018/10/05 01:43:01;1234
25;2179;2010;Thái Hòa;2;;2018/10/05 01:43:01;1234
26;3265;;Bùi Chu;2;;2018/10/05 01:43:01;1234
27;3266;;Bùi Chu;2;;2018/10/05 01:43:01;1234
28;3267;;Bùi Chu;2;;2018/10/05 01:43:01;1234
29;2052;14/05/2010;Xuân Hòa, Hạt Tân Mai, Xuân Lộc;2;;2018/10/05 01:43:01;1234
30;2053;14/05/2010;Xuân Hòa, Hạt Tân Mai, Xuân Lộc;2;;2018/10/05 01:43:01;1234
31;2054;14/05/2010;Xuân Hòa, Hạt Tân Mai, Xuân Lộc;2;;2018/10/05 01:43:01;1234
32;2055;14/05/2010;Xuân Hòa, Hạt Tân Mai, Xuân Lộc;2;;2018/10/05 01:43:01;1234
33;3268;14/05/2010;Xuân Hòa, Hạt Tân Mai, Xuân Lộc;2;;2018/10/05 01:43:01;1234
34;3271;01/05/2010;Tam Bố, Hạt Di Linh. Đà Lạt;1;;2018/10/05 01:43:01;1234
35;3276;17/06/2010;Ngọc Đồng;1;;2018/10/05 01:43:01;1234
36;3277;17/06/2010;Ngọc Đồng;1;;2018/10/05 01:43:01;1234
37;1178;07/07/2010;Giáo Xứ Kim Hòa, Giáo Hạt Daklak, Gp Ban Mê Thuột;2;;2018/10/05 01:43:01;1234
38;1179;07/07/2010;Giáo Xứ Kim Hòa, Giáo Hạt Daklak, Gp Ban Mê Thuột;2;;2018/10/05 01:43:01;1234
39;1180;07/07/2010;Giáo Xứ Kim Hòa, Giáo Hạt Daklak, Gp Ban Mê Thuột;2;;2018/10/05 01:43:01;1234
40;1181;07/07/2010;Giáo Xứ Kim Hòa, Giáo Hạt Daklak, Gp Ban Mê Thuột;2;;2018/10/05 01:43:01;1234
41;1182;07/07/2010;Giáo Xứ Kim Hòa, Giáo Hạt Daklak, Gp Ban Mê Thuột;2;;2018/10/05 01:43:01;1234
42;1183;07/07/2010;Giáo Xứ Kim Hòa, Giáo Hạt Daklak, Gp Ban Mê Thuột;2;;2018/10/05 01:43:01;1234
43;1184;07/07/2010;Giáo Xứ Kim Hòa, Giáo Hạt Daklak, Gp Ban Mê Thuột;2;;2018/10/05 01:43:01;1234
44;3307;;Gx Tiên Chu, Gh Hòa Thanh, Gp Xuân Lộc;1;;2018/10/05 01:43:01;1234
45;3321;04/09/2010;Hà Nội, Hạt Hố Nai, Gp Xuân Lộc;1;;2018/10/05 01:43:01;1234
46;3306;07/08/2010;Kẻ Sặt, Hạt Hố Nai, Gp Xuân Lộc;1;;2018/10/05 01:43:01;1234
47;3323;18/09/2010;Lộ Đức, Gp Long Xuyên;1;;2018/10/05 01:43:01;1234
48;3325;09/11/2010;Quan Lãng, Gp Vinh;1;lập gia đình;2018/10/05 01:43:01;1234
49;3343;;Quảng Nạp, Gp Phát Diệm;1;;2018/10/05 01:43:01;1234
50;3344;;Quỳnh Nạp, Gp Phát Diệm;1;;2018/10/05 01:43:01;1234
51;3351;;Đồng Phát, Gp Xuân Lộc;1;;2018/10/05 01:43:01;1234
52;3355;;Truyền Tin, Gp Thái Bình;1;;2018/10/05 01:43:01;1234
53;3359;;La Mã, Gp Vĩnh Long;1;;2018/10/05 01:43:01;1234
54;3362;;Gia Viên, Gp Xuân Lộc;1;;2018/10/05 01:43:01;1234
55;3365;;Tâm An, Gp Xuân Lộc;1;;2018/10/05 01:43:01;1234
56;3370;;Phúc Lâm, Gp Xuân Lộc;1;;2018/10/05 01:43:01;1234
57;3376;10/10/2010;Gx Tiên Chu, Gh Hòa Thanh, Gp Xuân Lộc;1;;2018/10/05 01:43:01;1234
58;3282;;Thái Hòa;1;;2018/10/05 01:43:01;1234
59;3183;;;1;;2018/10/05 01:43:01;1234
60;3186;;;1;;2018/10/05 01:43:01;1234
61;2654;22/11/2010;Hoa Kỳ;2;;2018/10/05 01:43:01;1234
62;2655;22/11/2010;Hoa Kỳ;2;;2018/10/05 01:43:01;1234
63;2656;22/11/2010;Hoa Kỳ;2;;2018/10/05 01:43:01;1234
64;2657;22/11/2010;Hoa Kỳ;2;;2018/10/05 01:43:01;1234
65;2658;22/11/2010;Hoa Kỳ;2;;2018/10/05 01:43:01;1234
66;2659;22/11/2010;Hoa Kỳ;2;;2018/10/05 01:43:01;1234
67;2660;22/11/2010;Hoa Kỳ;2;;2018/10/05 01:43:01;1234
69;2130;2009;Hoa Kỳ;2;;2018/10/05 01:43:01;1234
70;2131;2009;Hoa Kỳ;2;;2018/10/05 01:43:01;1234
71;2132;2009;Hoa Kỳ;2;;2018/10/05 01:43:01;1234
72;2133;2009;Hoa Kỳ;2;;2018/10/05 01:43:01;1234
73;805;24/11/2010;Thanh Hóa, Hạt Hòa Thanh, Gp Xuân Lộc;2;;2018/10/05 01:43:01;1234
74;806;24/11/2010;Thanh Hóa, Hạt Hòa Thanh, Gp Xuân Lộc;2;;2018/10/05 01:43:01;1234
75;807;24/11/2010;Thanh Hóa, Hạt Hòa Thanh, Gp Xuân Lộc;2;;2018/10/05 01:43:01;1234
76;808;24/11/2010;Thanh Hóa, Hạt Hòa Thanh, Gp Xuân Lộc;2;;2018/10/05 01:43:01;1234
78;2681;17/02/2011;Gx Bùi Chu, Hạt Phú Thịnh;2;;2018/10/05 01:43:01;1234
79;2682;17/02/2011;Gx Bùi Chu, Hạt Phú Thịnh;2;;2018/10/05 01:43:01;1234
80;2683;17/02/2011;Gx Bùi Chu, Hạt Phú Thịnh;2;;2018/10/05 01:43:01;1234
81;600;18/02/2011;Gx Thái Hòa, Gh Hòa Thanh;2;;2018/10/05 01:43:01;1234
82;601;18/02/2011;Gx Thái Hòa, Gh Hòa Thanh;2;;2018/10/05 01:43:01;1234
83;602;18/02/2011;Gx Thái Hòa, Gh Hòa Thanh;2;;2018/10/05 01:43:01;1234
84;603;18/02/2011;Gx Thái Hòa, Gh Hòa Thanh;2;;2018/10/05 01:43:01;1234
85;1413;19/02/2011;Hoa Kỳ;2;;2018/10/05 01:43:01;1234
86;1414;19/02/2011;Hoa Kỳ;2;;2018/10/05 01:43:01;1234
87;1416;19/02/2011;Hoa Kỳ;2;;2018/10/05 01:43:01;1234
88;1417;19/02/2011;Hoa Kỳ;2;;2018/10/05 01:43:01;1234
89;1418;19/02/2011;Hoa Kỳ;2;;2018/10/05 01:43:01;1234
90;998;2010;Hoa Kỳ;2;;2018/10/05 01:43:01;1234
91;999;2010;Hoa Kỳ;2;;2018/10/05 01:43:01;1234
92;1000;2010;Hoa Kỳ;2;;2018/10/05 01:43:01;1234
93;1001;2010;Hoa Kỳ;2;;2018/10/05 01:43:01;1234
201;2680;;Bùi Chu, Hạt Phú Thịnh;2;;2018/10/05 01:43:01;1234
94;3426;01/03/2011;Giáo Họ La Đao, Nhà Nông, Bắc Ninh;1;;2018/10/05 01:43:01;1234
95;3427;01/03/2011;Giáo Họ La Đao, Nhà Nông, Bắc Ninh;1;;2018/10/05 01:43:01;1234
96;3430;01/03/2011;Bùi Đệ, Hạt Phú Thịnh, Gp Xuân Lộc;1;;2018/10/05 01:43:01;1234
97;3431;01/03/2011;Bùi Đệ, Hạt Phú Thịnh, Gp Xuân Lộc;1;;2018/10/05 01:43:01;1234
98;3433;01/03/2011;Bình Thuận;1;;2018/10/05 01:43:01;1234
99;3434;01/03/2011;;1;;2018/10/05 01:43:01;1234
100;3437;01/03/2011;Lạc Thành, Gp Bùi Chu;1;;2018/10/05 01:43:01;1234
101;3439;01/03/2011;Lạc Nghiệp, Gp Đà Lạt;1;;2018/10/05 01:43:01;1234
102;3440;;Lạc Nghiệp, Gp Đà Lạt;1;;2018/10/05 01:43:01;1234
103;3442;;Kẻ Sặt, Hạt Hố Nai, Gp Xuân Lộc;1;;2018/10/05 01:43:01;1234
104;3443;;Kẻ Sặt, Hạt Hố Nai, Gp Xuân Lộc;1;;2018/10/05 01:43:01;1234
105;3447;;Đaminh, Gp Xuân Lộc;1;;2018/10/05 01:43:01;1234
106;3448;;Đaminh, Gp Xuân Lộc;1;;2018/10/05 01:43:01;1234
107;1116;;Hoa Kỳ;2;;2018/10/05 01:43:01;1234
108;1303;;Hoa Kỳ;2;;2018/10/05 01:43:01;1234
109;3479;;Phước Minh, Hạt Tha La, Gp Phú Cường;1;;2018/10/05 01:43:01;1234
110;3481;;Thái Hòa;1;;2018/10/05 01:43:01;1234
111;2939;;Hà Nội, Hạt Hố Nai, Gp Xuân Lộc;1;;2018/10/05 01:43:01;1234
112;3010;;Bùi Đức, Hạt Tân Mai;1;;2018/10/05 01:43:01;1234
113;3488;;Ngọc Đồng, Hạt Hòa Thanh, Gp Xuân Lộc;1;;2018/10/05 01:43:01;1234
114;3508;;Tâm Hòa, Hạt An Bình, Gp Xuân Lộc;1;;2018/10/05 01:43:01;1234
115;3514;;Tân Thành;1;;2018/10/05 01:43:01;1234
116;3516;;Nam Đồng, Gp Bà Rịa;1;;2018/10/05 01:43:01;1234
117;3500;;La Ngà, Gp Xuân Lộc;1;;2018/10/05 01:43:01;1234
118;3503;;;1;;2018/10/05 01:43:01;1234
119;3518;;Vườn Ngô. Hạt Phú Thịnh, Gp Xuân Lộc;1;;2018/10/05 01:43:01;1234
121;3177;25/06/2011;Hoa Kỳ;2;;2018/10/05 01:43:01;1234
122;1909;21/07/2011;Họ Đaminh, Gx Thanh Hóa, Hạt Hòa Thanh, Gp Xuân Lộc;2;;2018/10/05 01:43:01;1234
123;3326;21/07/2011;Họ Đaminh, Gx Thanh Hóa, Hạt Hòa Thanh, Gp Xuân Lộc;2;;2018/10/05 01:43:01;1234
124;3327;21/07/2011;Họ Đaminh, Gx Thanh Hóa, Hạt Hòa Thanh, Gp Xuân Lộc;2;;2018/10/05 01:43:01;1234
125;3409;21/07/2011;Họ Đaminh, Gx Thanh Hóa, Hạt Hòa Thanh, Gp Xuân Lộc;2;;2018/10/05 01:43:01;1234
127;2001;17/08/2011;Gx Sài Quất, Hạt Hòa Thanh, Gp Xuân Lộc;2;;2018/10/05 01:43:01;1234
128;2002;17/08/2011;Gx Sài Quất, Hạt Hòa Thanh, Gp Xuân Lộc;2;;2018/10/05 01:43:01;1234
129;2003;17/08/2011;Gx Sài Quất, Hạt Hòa Thanh, Gp Xuân Lộc;2;;2018/10/05 01:43:01;1234
130;2004;17/08/2011;Gx Sài Quất, Hạt Hòa Thanh, Gp Xuân Lộc;2;;2018/10/05 01:43:01;1234
131;3215;17/08/2011;Gx Sài Quất, Hạt Hòa Thanh, Gp Xuân Lộc;2;;2018/10/05 01:43:01;1234
132;12;10/08/2011;Hoa Kỳ;2;;2018/10/05 01:43:01;1234
133;13;10/08/2011;Hoa Kỳ;2;;2018/10/05 01:43:01;1234
134;14;10/08/2011;Hoa Kỳ;2;;2018/10/05 01:43:01;1234
135;15;10/08/2011;Hoa Kỳ;2;;2018/10/05 01:43:01;1234
136;16;10/08/2011;Hoa Kỳ;2;;2018/10/05 01:43:01;1234
199;3176;25/06/2011;Hoa Kỳ;2;;2018/10/05 01:43:01;1234
200;1079;;hoa kỳ;2;;2018/10/05 01:43:01;1234
211;3034;;Hoa Kỳ 13.03.2012;2;;2018/10/05 01:43:01;1234
137;3536;;Thái An, Hạt Biên Hòa, Gp Xuân Lộc;1;;2018/10/05 01:43:01;1234
138;3538;;Suối Cát, Hạt Xuân Lộc, Gp Xuân Lộc;1;;2018/10/05 01:43:01;1234
139;3141;07/09/2011;Gx Lộ Đức, Hạt Hòa Thanh, Gp Xuân Lộc;2;;2018/10/05 01:43:01;1234
140;3142;07/09/2011;Gx Lộ Đức, Hạt Hòa Thanh, Gp Xuân Lộc;2;;2018/10/05 01:43:01;1234
141;3143;07/09/2011;Gx Lộ Đức, Hạt Hòa Thanh, Gp Xuân Lộc;2;;2018/10/05 01:43:01;1234
142;3144;07/09/2011;Gx Lộ Đức, Hạt Hòa Thanh, Gp Xuân Lộc;2;;2018/10/05 01:43:01;1234
143;3549;;Hải Dương, Hạt Hố Nai, Gp Xuân Lộc;1;;2018/10/05 01:43:01;1234
145;3551;26/08/2016;Gx Xuân Hòa, Hạt Tân Mai, Gp Xuân Lộc;2;;2018/10/05 01:43:01;1234
146;3552;26/08/2016;Gx Xuân Hòa, Hạt Tân Mai, Gp Xuân Lộc;2;;2018/10/05 01:43:01;1234
147;3555;;Thánh Tâm, Hạt Hố Nai;1;;2018/10/05 01:43:01;1234
148;3556;;Thánh Tâm, Hạt Hố Nai;1;;2018/10/05 01:43:01;1234
149;3560;;Đông Vinh, Hạt Hòa Thanh;1;;2018/10/05 01:43:01;1234
150;3561;;Đông Vinh, Hạt Hòa Thanh;1;;2018/10/05 01:43:01;1234
154;3565;;Tiên Chu, Hạt Hòa Thanh, Gp Xuân Lộc;1;;2018/10/05 01:43:01;1234
155;3564;;Tiên Chu, Hạt Hòa Thanh, Gp Xuân Lộc;1;;2018/10/05 01:43:01;1234
156;3568;;Sài Quất, Hạt Hòa Thanh, Gp Xuân Lộc;1;;2018/10/05 01:43:01;1234
157;3569;;Sài Quất, Hạt Hòa Thanh, Gp Xuân Lộc;1;;2018/10/05 01:43:01;1234
159;3576;;Sài Quất, Hạt Hòa Thanh, Gp Xuân Lộc;1;;2018/10/05 01:43:01;1234
160;3579;;Hòa Bình, Hạt Hòa Thanh, Gp Xuân Lộc;1;;2018/10/05 01:43:01;1234
162;3603;;Vân Am, Gp Thái Bình;1;;2018/10/05 01:43:01;1234
163;3604;;Vân Am, Gp Thái Bình;1;;2018/10/05 01:43:01;1234
164;3605;;Vân Am, Gp Thái Bình;1;;2018/10/05 01:43:01;1234
165;3606;;Vân Am, Gp Thái Bình;1;;2018/10/05 01:43:01;1234
166;3607;;Vân Am, Gp Thái Bình;1;;2018/10/05 01:43:01;1234
167;3609;;;1;;2018/10/05 01:43:01;1234
168;3610;;;1;;2018/10/05 01:43:01;1234
169;3613;;;1;;2018/10/05 01:43:01;1234
170;3614;;;1;;2018/10/05 01:43:01;1234
171;3619;;;1;;2018/10/05 01:43:01;1234
172;3620;;;1;;2018/10/05 01:43:01;1234
173;3624;;Đồng Hiệp, Hạt Phương Lâm, Gp Xuân Lộc;1;;2018/10/05 01:43:01;1234
174;1030;;Hoa Kỳ;2;;2018/10/05 01:43:01;1234
175;1211;;Hoa Kỳ;2;;2018/10/05 01:43:01;1234
176;3627;;Đồng Giá, Gp Hải Phòng;1;;2018/10/05 01:43:01;1234
177;3630;;Ngọc Đồng, Hạt Hòa Thanh;1;;2018/10/05 01:43:01;1234
178;3645;;Phú Tảo, Hạt Hố Nai, Gp Xuân Lộc;1;;2018/10/05 01:43:01;1234
179;3647;;Bùi Chu, Hạt Phú Thịnh, Gp Xuân Lộc;1;;2018/10/05 01:43:01;1234
180;413;16/10/2013;Gx Hà Nội, Hạt Hố Nai, Gp Xuân Lộc;2;;2018/10/05 01:43:01;1234
181;414;16/10/2013;Gx Hà Nội, Hạt Hố Nai, Gp Xuân Lộc;2;;2018/10/05 01:43:01;1234
182;415;16/10/2013;Gx Hà Nội, Hạt Hố Nai, Gp Xuân Lộc;2;;2018/10/05 01:43:01;1234
183;2744;17/11/2011;Gx Tiên Chu, Hạt Hòa Thanh, Gp Xuân Lộc;2;;2018/10/05 01:43:01;1234
184;2745;17/11/2011;Gx Tiên Chu, Hạt Hòa Thanh, Gp Xuân Lộc;2;;2018/10/05 01:43:01;1234
185;2746;17/11/2011;Gx Tiên Chu, Hạt Hòa Thanh, Gp Xuân Lộc;2;;2018/10/05 01:43:01;1234
186;2747;17/11/2011;Gx Tiên Chu, Hạt Hòa Thanh, Gp Xuân Lộc;2;;2018/10/05 01:43:01;1234
205;3754;;Hoa Kỳ;2;;2018/10/05 01:43:01;1234
206;3776;;Bùi Vĩnh, Hạt Tân Mai;1;;2018/10/05 01:43:01;1234
213;2129;2009;Hoa Kỳ;2;;2018/10/05 01:43:01;1234
214;277;;;2;;2018/10/05 01:43:01;1234
187;2748;17/11/2011;Gx Tiên Chu, Hạt Hòa Thanh, Gp Xuân Lộc;2;;2018/10/05 01:43:01;1234
188;3660;;Thái Hiệp, Hạt Biên Hòa, Gp Xuân Lộc;1;;2018/10/05 01:43:01;1234
190;3665;;Đồng Hiệp, Gp Xuân Lộc;1;;2018/10/05 01:43:01;1234
191;3667;;Bùi Chu, Hạt Phú Thịnh, Gp Xuân Lộc;1;;2018/10/05 01:43:01;1234
192;3673;;Lê Bảo Tịnh, Gp Đà Lạt;1;;2018/10/05 01:43:01;1234
193;3688;;Mỹ Hoán, Gp Nha Trang;1;;2018/10/05 01:43:01;1234
194;3690;;Thánh Tâm, Hạt Hố Nai, Gp Xuân Lộc;1;;2018/10/05 01:43:01;1234
196;3700;;Bùi Chu, Hạt Phú Thịnh, Gp Xuân Lộc;1;;2018/10/05 01:43:01;1234
197;3711;;Đông Hà, Hạt Quảng Trị, Tgp Huế;1;;2018/10/05 01:43:01;1234
198;3716;;Minh Đức Tgp Sài Gòn;1;;2018/10/05 01:43:01;1234
204;3727;18/02/2011;Gx Thái Hòa, Gh Hòa Thanh;2;;2018/10/05 01:43:01;1234
207;3707;;Bùi Vĩnh. Hạt Tân Mai;1;;2018/10/05 01:43:01;1234
208;3783;;Tân Mỹ, Gp Thái Bình;1;;2018/10/05 01:43:01;1234
209;3784;;Tân Mỹ, Gp Thái Bình;1;;2018/10/05 01:43:01;1234
210;3521;;Tân Bắc;1;;2018/10/05 01:43:01;1234
215;278;;;2;;2018/10/05 01:43:01;1234
216;3805;26/04/2017;Gx Thánh Tâm, Hạt Hố Nai, Gp Xuân Lộc;2;;2018/10/05 01:43:01;1234
217;3804;26/04/2017;Gx Thánh Tâm, Hạt Hố Nai, Gp Xuân Lộc;2;;2018/10/05 01:43:01;1234
218;3811;;Giang Điền, Hạt Phú Thịnh, Gp Xuân Lộc;1;;2018/10/05 01:43:01;1234
219;3884;;;1;;2018/10/05 01:43:01;1234
220;3885;;;1;;2018/10/05 01:43:01;1234
221;3809;;Gx Trà Cổ, Hạt Phú Thịnh, Gp Xuân Lộc;1;;2018/10/05 01:43:01;1234
222;3905;19/05/2014;Giáo Họ Biệt Lập Phanxicô, Hạt Tân Mai;2;;2018/10/05 01:43:01;1234
223;3919;;Phúc Lâm, Hạt Hố Nai, Gp Xuân Lộc;1;;2018/10/05 01:43:01;1234
224;2181;;;2;;2018/10/05 01:43:01;1234
225;3922;;Thanh Hóa, Hạt Hòa Thanh, Gp Xuân Lộc;1;;2018/10/05 01:43:01;1234
226;3895;;Gx Thái Hòa, Gh Hòa Thanh;1;;2018/10/05 01:43:01;1234
227;3951;;Vân Am, Gp Thái Bình;1;;2018/10/05 01:43:01;1234
228;3832;;Định Quán;1;;2018/10/05 01:43:01;1234
229;3841;;Sáu Bọng, Gp Long Xuyên;1;;2018/10/05 01:43:01;1234
230;3836;;Sáu Bọng, Gp Long Xuyên;1;;2018/10/05 01:43:01;1234
231;3840;;Môi Khôi, Gp Long Xuyên;1;;2018/10/05 01:43:01;1234
232;3899;;Thái Hòa;1;;2018/10/05 01:43:01;1234
233;3898;;Thái Hòa;1;;2018/10/05 01:43:01;1234
234;3906;;Bùi Đệ, Hạt Phú Thịnh, Gp Xuân Lộc;1;;2018/10/05 01:43:01;1234
235;3907;;Bùi Đệ, Hạt Phú Thịnh, Gp Xuân Lộc;1;;2018/10/05 01:43:01;1234
236;3981;;Hàng Gòn, Hạt Xuân Lộc, Gp Xuân Lộc;1;;2018/10/05 01:43:01;1234
237;3980;;Hàng Gòn, Hạt Xuân Lộc, Gp Xuân Lộc;1;;2018/10/05 01:43:01;1234
238;3986;22/02/2016;Gx Thái Hiệp, Hạt Biên Hòa, Gp Xuân Lộc;2;;2018/10/05 01:43:01;1234
239;3991;;Thánh Tâm, Hạt Hố Nai, Gp Xuân Lộc;1;;2018/10/05 01:43:01;1234
240;3992;;Bạc Liêu, Hạt Bạc Liêu, Gp Cần Thơ;1;;2018/10/05 01:43:01;1234
241;3993;;Lộc Hòa, Hạt An Bình, Gp Xuân Lộc;1;;2018/10/05 01:43:01;1234
242;4024;;Tân Hà, Gp Đà Lạt;1;;2018/10/05 01:43:01;1234
243;4025;;Tân Hà, Gp Đà Lạt;1;;2018/10/05 01:43:01;1234
244;3987;;Nam Bình;1;;2018/10/05 01:43:01;1234
245;3962;;Thiên Long;1;;2018/10/05 01:43:01;1234
246;3963;;Thiên Long;1;;2018/10/05 01:43:01;1234
247;3964;;Thiên Long;1;;2018/10/05 01:43:01;1234
248;3965;;Thiên Long;1;;2018/10/05 01:43:01;1234
249;3966;;Thiên Long;1;;2018/10/05 01:43:01;1234
250;3847;;Ngọc Đồng, Hạt Hòa Thanh, Gp Xuân Lộc;1;;2018/10/05 01:43:01;1234
251;3848;;Ngọc Đồng, Hạt Hòa Thanh, Gp Xuân Lộc;1;;2018/10/05 01:43:01;1234
252;3849;;Ngọc Đồng, Hạt Hòa Thanh, Gp Xuân Lộc;1;;2018/10/05 01:43:01;1234
253;3850;;Ngọc Đồng, Hạt Hòa Thanh, Gp Xuân Lộc;1;;2018/10/05 01:43:01;1234
254;3851;;Ngọc Đồng, Hạt Hòa Thanh, Gp Xuân Lộc;1;;2018/10/05 01:43:01;1234
255;4049;;Bùi Thái, Hạt Tân Mai;1;;2018/10/05 01:43:01;1234
256;4057;;Lộ Đức, Hạt Hòa Thanh, Gp Xuân Lộc;1;;2018/10/05 01:43:01;1234
257;4060;;Lộ Đức, Hạt Hòa Thanh, Gp Xuân Lộc;1;;2018/10/05 01:43:01;1234
258;4061;;Lộ Đức, Hạt Hòa Thanh, Gp Xuân Lộc;1;;2018/10/05 01:43:01;1234
259;4022;;La Tú, Gp Bắc Ninh;1;;2018/10/05 01:43:01;1234
260;4006;;Hải Nhuận, Gp Bùi Chu;1;;2018/10/05 01:43:01;1234
261;4042;;Vân Am, Hạt Thái Thụy, Gp Thái Bình;1;;2018/10/05 01:43:01;1234
262;4069;;Gx Ngọc Đồng, Hạt Hòa Thanh, Gp Xuân Lộc;1;;2018/10/05 01:43:01;1234
263;3888;;Lợi Hà;1;;2018/10/05 01:43:01;1234
264;4043;;Vân Am, Hạt Thái Thụy, Gp Thái Bình;1;;2018/10/05 01:43:01;1234
265;4044;;Vân Am, Hạt Thái Thụy, Gp Thái Bình;1;;2018/10/05 01:43:01;1234
266;4070;;Ngọc Đồng, Hạt Hòa Thanh, Gp Xuân Lộc;1;;2018/10/05 01:43:01;1234
267;4102;;Gx Tiên Chu, Gh Hòa Thanh, Gp Xuân Lộc;1;;2018/10/05 01:43:01;1234
268;4103;;Gx Tiên Chu, Gh Hòa Thanh, Gp Xuân Lộc;1;;2018/10/05 01:43:01;1234
269;4107;;Hà Nội, Hạt Hố Nai, Gp Xuân Lộc;1;;2018/10/05 01:43:01;1234
270;4108;;Hà Nội, Hạt Hố Nai, Gp Xuân Lộc;1;;2018/10/05 01:43:01;1234
271;4115;;Thánh Mẫu, Hạt Túc Trưng;1;;2018/10/05 01:43:01;1234
272;4045;;Đại Lại, Tgp Hà Nội;1;;2018/10/05 01:43:01;1234
273;756;;Tân An, Gp Mỹ Tho;1;;2018/10/05 01:43:01;1234
274;4150;;Kinh Cùng, Gp Mỹ Tho;1;;2018/10/05 01:43:01;1234
275;2877;05/11/2013;Gx Đại Lộ, Hạt Hố Nai, Gp Xuân Lộc;2;;2018/10/05 01:43:01;1234
276;2878;05/11/2013;Gx Đại Lộ, Hạt Hố Nai, Gp Xuân Lộc;2;;2018/10/05 01:43:01;1234
277;2879;05/11/2013;Gx Đại Lộ, Hạt Hố Nai, Gp Xuân Lộc;2;;2018/10/05 01:43:01;1234
278;2884;08/11/2013;Gx Đại Lộ, Hạt Hố Nai, Gp Xuân Lộc;2;;2018/10/05 01:43:01;1234
279;2885;08/11/2013;Gx Đại Lộ, Hạt Hố Nai, Gp Xuân Lộc;2;;2018/10/05 01:43:01;1234
280;2886;08/11/2013;Gx Đại Lộ, Hạt Hố Nai, Gp Xuân Lộc;2;;2018/10/05 01:43:01;1234
281;2887;08/11/2013;Gx Đại Lộ, Hạt Hố Nai, Gp Xuân Lộc;2;;2018/10/05 01:43:01;1234
282;4158;;Gx Tiên Chu, Gh Hòa Thanh, Gp Xuân Lộc;1;;2018/10/05 01:43:01;1234
283;4164;;Xuân Tây, Hạt Xuân Lộc, Gp Xuân Lộc;1;;2018/10/05 01:43:01;1234
284;2493;;Gx Thạch An, Hạt Phú Thịnh, Gp Xuân Lộc;2;;2018/10/05 01:43:01;1234
285;2494;;Gx Thạch An, Hạt Phú Thịnh, Gp Xuân Lộc;2;;2018/10/05 01:43:01;1234
286;2495;;Gx Thạch An, Hạt Phú Thịnh, Gp Xuân Lộc;2;;2018/10/05 01:43:01;1234
287;2496;;Gx Thạch An, Hạt Phú Thịnh, Gp Xuân Lộc;2;;2018/10/05 01:43:01;1234
290;4176;;Rạch Giá, Gp Long Xuyên;1;;2018/10/05 01:43:01;1234
291;4009;;Cao Thái, Tgp Sài Gòn;1;;2018/10/05 01:43:01;1234
292;4182;;Lộ Đức, Hạt Hòa Thanh, Gp Xuân Lộc;1;;2018/10/05 01:43:01;1234
293;4184;;Kẻ Sặt, Hạt Hố Nai, Gp Xuân Lộc;1;;2018/10/05 01:43:01;1234
294;4066;;Sáu Bọng, Hạt Vĩnh An, Gp Long Xuyên;1;;2018/10/05 01:43:01;1234
295;4186;;Bái Xuyên, Tgp Hà Nội;1;;2018/10/05 01:43:01;1234
296;4191;;Tân Thành, Hạt Phú Thịnh, Gp Xuân Lộc;1;;2018/10/05 01:43:01;1234
297;4204;;Thanh Tâm, Hạt Hố Nai, Gp Xuân Lộc;1;;2018/10/05 01:43:01;1234
298;4205;;Thánh Tâm, Hạt Hố Nai, Gp Xuân Lộc;1;;2018/10/05 01:43:01;1234
299;4212;;Gx Thái Hòa, Gh Hòa Thanh, Gp Xuân Lộc;1;;2018/10/05 01:43:01;1234
300;1889;;;2;;2018/10/05 01:43:01;1234
301;1890;;;2;;2018/10/05 01:43:01;1234
302;2398;19/05/2014;Giáo Họ Biệt Lập Phanxicô, Hạt Tân Mai;2;;2018/10/05 01:43:01;1234
303;4228;;Tân Bắc, Hạt Phú Thịnh, Gp Xuân Lộc;1;;2018/10/05 01:43:01;1234
304;4229;;Tiên Chu, Hạt Hòa Thanh, Gp Xuân Lộc;1;;2018/10/05 01:43:01;1234
305;4232;;Tân Lương Tgp Huế;1;;2018/10/05 01:43:01;1234
307;4241;;Tân Hà, Gp Đà Lạt;1;;2018/10/05 01:43:01;1234
308;4240;;Tân Hà, Gp Đà Lạt;1;;2018/10/05 01:43:01;1234
309;4244;;Phương Xá, Gp Thái Bình;1;;2018/10/05 01:43:01;1234
310;4245;;Phương Xá, Gp Thái Bình;1;;2018/10/05 01:43:01;1234
311;4256;;Dốc Mơ, Hạt Gia Kiệm, Gp Xuân Lộc;1;;2018/10/05 01:43:01;1234
312;2873;18/06/2014;Gx Ngọc Lâm, Hạt Phương Lâm, Gp Xuân Lộc;2;;2018/10/05 01:43:01;1234
313;2874;18/06/2014;Gx Ngọc Lâm, Hạt Phương Lâm, Gp Xuân Lộc;2;;2018/10/05 01:43:01;1234
314;2875;18/06/2014;Gx Ngọc Lâm, Hạt Phương Lâm, Gp Xuân Lộc;2;;2018/10/05 01:43:01;1234
315;2876;18/06/2014;Gx Ngọc Lâm, Hạt Phương Lâm, Gp Xuân Lộc;2;;2018/10/05 01:43:01;1234
316;3236;20/06/2014;Gx Hòa Bình, Gh Hòa Thanh;2;;2018/10/05 01:43:01;1234
317;3237;20/06/2014;Gx Hòa Bình, Gh Hòa Thanh;2;;2018/10/05 01:43:01;1234
318;3238;20/06/2014;Gx Hòa Bình, Gh Hòa Thanh;2;;2018/10/05 01:43:01;1234
319;4261;;Gx Tiên Chu, Gh Hòa Thanh, Gp Xuân Lộc;1;;2018/10/05 01:43:01;1234
320;4262;;Gx Tiên Chu, Gh Hòa Thanh, Gp Xuân Lộc;1;;2018/10/05 01:43:01;1234
321;4269;;Quảng Tâm, Hạt An Bình, Gp Xuân Lộc;1;;2018/10/05 01:43:01;1234
322;2880;01/08/2014;Hoa Kỳ;2;;2018/10/05 01:43:01;1234
323;2881;01/08/2014;Hoa Kỳ;2;;2018/10/05 01:43:01;1234
324;2882;01/08/2014;Hoa Kỳ;2;;2018/10/05 01:43:01;1234
325;2883;01/08/2014;Hoa Kỳ;2;;2018/10/05 01:43:01;1234
326;2042;26/08/2014;Gx Hà Nội, Hạt Hố Nai, Gp Xuân Lộc;2;;2018/10/05 01:43:01;1234
327;2043;26/08/2014;Gx Hà Nội, Hạt Hố Nai, Gp Xuân Lộc;2;;2018/10/05 01:43:01;1234
328;2044;26/08/2014;Gx Hà Nội, Hạt Hố Nai, Gp Xuân Lộc;2;;2018/10/05 01:43:01;1234
329;2045;26/08/2014;Gx Hà Nội, Hạt Hố Nai, Gp Xuân Lộc;2;;2018/10/05 01:43:01;1234
330;2801;26/08/2014;Gx Hà Nội, Hạt Hố Nai, Gp Xuân Lộc;2;;2018/10/05 01:43:01;1234
331;2802;26/08/2014;Gx Hà Nội, Hạt Hố Nai, Gp Xuân Lộc;2;;2018/10/05 01:43:01;1234
332;3287;01/10/2014;Gx Thái Hòa, Gh Hòa Thanh;2;;2018/10/05 01:43:01;1234
333;3288;01/10/2014;Gx Thái Hòa, Gh Hòa Thanh;2;;2018/10/05 01:43:01;1234
334;3289;01/10/2014;Gx Thái Hòa, Gh Hòa Thanh;2;;2018/10/05 01:43:01;1234
335;561;10/10/2014;Gx Thái Hòa, Gh Hòa Thanh;2;;2018/10/05 01:43:01;1234
336;562;10/10/2014;Gx Thái Hòa, Gh Hòa Thanh;2;;2018/10/05 01:43:01;1234
337;563;10/10/2014;Gx Thái Hòa, Gh Hòa Thanh;2;;2018/10/05 01:43:01;1234
338;564;10/10/2014;Gx Thái Hòa, Gh Hòa Thanh;2;;2018/10/05 01:43:01;1234
339;4327;;Võ Đắt, Gp Phan Thiết;1;;2018/10/05 01:43:01;1234
340;4328;;Thuận An, Hạt Phú Thịnh, Gp Xuân Lộc;1;;2018/10/05 01:43:01;1234
341;4330;04/08/2015;Giáo Xứ Thánh Tâm, Hạt Hố Nai, Gp Xuân Lộc;2;;2018/10/05 01:43:01;1234
342;4348;20/06/2018;Gx Thái Hòa, Gh Hòa Thanh, Gp Xuân Lộc;2;;2018/10/05 01:43:01;1234
343;4351;;Đồng Tâm;1;;2018/10/05 01:43:01;1234
344;4291;;Tân Bình, Gp Long Xuyên;1;;2018/10/05 01:43:01;1234
345;4368;;Gx Thạch An, Hạt Phú Thịnh, Gp Xuân Lộc;1;;2018/10/05 01:43:01;1234
346;4373;;La Ngà, Gp Xuân Lộc;1;;2018/10/05 01:43:01;1234
347;4379;;Bùi Chu;1;;2018/10/05 01:43:01;1234
348;4380;;Tây Hải, Hạt Hố Nai, Gp Xuân Lộc;1;;2018/10/05 01:43:01;1234
349;4381;;Suối Thông, Hạt Đơn Dương, Gp Đà Lạt;1;;2018/10/05 01:43:01;1234
350;2983;2014;Gx Hà Nội, Hạt Hố Nai, Gp Xuân Lộc;2;;2018/10/05 01:43:01;1234
351;2984;2014;Gx Hà Nội, Hạt Hố Nai, Gp Xuân Lộc;2;;2018/10/05 01:43:01;1234
352;3258;2014;Gx Hà Nội, Hạt Hố Nai, Gp Xuân Lộc;2;;2018/10/05 01:43:01;1234
353;3639;2014;Gx Hà Nội, Hạt Hố Nai, Gp Xuân Lộc;2;;2018/10/05 01:43:01;1234
354;4385;;Xuân Bảo, Hạt Xuân Lộc. Gp Xuân Lộc;1;;2018/10/05 01:43:01;1234
355;4385;;Xuân Bảo, Hạt Xuân Lộc. Gp Xuân Lộc;1;;2018/10/05 01:43:01;1234
356;4387;;Hòa Bình, Hạt Hòa Thanh, Gp Xuân Lộc;1;;2018/10/05 01:43:01;1234
357;4388;;Hòa Bình, Hạt Hòa Thanh, Gp Xuân Lộc;1;;2018/10/05 01:43:01;1234
358;666;;Nam Hà, Hạt Xuân Lộc, Gp Xuân Lộc;1;;2018/10/05 01:43:01;1234
359;4271;;Hòa Bình, Hạt Hòa Thanh, Gp Xuân Lộc;1;;2018/10/05 01:43:01;1234
360;4395;;Ngọc Đồng, Hạt Hòa Thanh, Gp Xuân Lộc;1;;2018/10/05 01:43:01;1234
361;4396;;Ngọc Đồng, Hạt Hòa Thanh, Gp Xuân Lộc;1;;2018/10/05 01:43:01;1234
362;4401;07/04/2017;Gx Xuân Hòa, Hạt Tân Mai, Gp Xuân Lộc;2;;2018/10/05 01:43:01;1234
363;4156;;Thánh Tâm, Hạt Hố Nai, Gp Xuân Lộc;1;;2018/10/05 01:43:01;1234
364;4419;;Madagoui, Gp Đà Lạt;1;;2018/10/05 01:43:01;1234
365;4420;;Madagoui, Gp Đà Lạt;1;;2018/10/05 01:43:01;1234
366;1845;24/07/2015;Giáo Xứ Ngọc Đồng, Hạt Hòa Thanh;2;;2018/10/05 01:43:01;1234
367;1846;24/07/2015;Giáo Xứ Ngọc Đồng, Hạt Hòa Thanh;2;;2018/10/05 01:43:01;1234
368;1847;24/07/2015;Giáo Xứ Ngọc Đồng, Hạt Hòa Thanh;2;;2018/10/05 01:43:01;1234
369;1848;24/07/2015;Giáo Xứ Ngọc Đồng, Hạt Hòa Thanh;2;;2018/10/05 01:43:01;1234
370;1849;24/07/2015;Giáo Xứ Ngọc Đồng, Hạt Hòa Thanh;2;;2018/10/05 01:43:01;1234
371;1850;24/07/2015;Giáo Xứ Ngọc Đồng, Hạt Hòa Thanh;2;;2018/10/05 01:43:01;1234
372;4489;;Ngô Xá;1;;2018/10/05 01:43:01;1234
373;4331;04/08/2015;Giáo Xứ Thánh Tâm, Hạt Hố Nai, Gp Xuân Lộc;2;;2018/10/05 01:43:01;1234
374;4332;04/08/2015;Giáo Xứ Thánh Tâm, Hạt Hố Nai, Gp Xuân Lộc;2;;2018/10/05 01:43:01;1234
375;4333;04/08/2015;Giáo Xứ Thánh Tâm, Hạt Hố Nai, Gp Xuân Lộc;2;;2018/10/05 01:43:01;1234
376;4334;04/08/2015;Giáo Xứ Thánh Tâm, Hạt Hố Nai, Gp Xuân Lộc;2;;2018/10/05 01:43:01;1234
377;4335;04/08/2015;Giáo Xứ Thánh Tâm, Hạt Hố Nai, Gp Xuân Lộc;2;;2018/10/05 01:43:01;1234
378;2644;13/08/2015;Giáo Xứ Bắc Hòa, Hạt Phú Thịnh;2;;2018/10/05 01:43:01;1234
379;2645;13/08/2015;Giáo Xứ Bắc Hòa, Hạt Phú Thịnh;2;;2018/10/05 01:43:01;1234
380;2646;13/08/2015;Giáo Xứ Bắc Hòa, Hạt Phú Thịnh;2;;2018/10/05 01:43:01;1234
381;3933;;Vĩnh Lợi, Gp Cần Thơ;1;;2018/10/05 01:43:01;1234
382;4500;;Bùi Chu, Hạt Phú Thịnh;1;;2018/10/05 01:43:01;1234
383;2279;12/09/2015;Gx Bùi Chu, Hạt Phú Thịnh;2;;2018/10/05 01:43:01;1234
384;2280;12/09/2015;Gx Bùi Chu, Hạt Phú Thịnh;2;;2018/10/05 01:43:01;1234
385;2281;12/09/2015;Gx Bùi Chu, Hạt Phú Thịnh;2;;2018/10/05 01:43:01;1234
386;4427;;Gx Thạch An, Hạt Phú Thịnh, Gp Xuân Lộc;1;;2018/10/05 01:43:01;1234
387;4534;;Hà Nội, Hạt Hố Nai, Gp Xuân Lộc;1;;2018/10/05 01:43:01;1234
388;4537;;Thánh Tâm, Hạt Hố Nai, Gp Xuân Lộc;1;;2018/10/05 01:43:01;1234
389;4538;;Vinh Trang, Gp Nha Trang;1;;2018/10/05 01:43:01;1234
390;4539;;Lộ Đức, Hạt Hòa Thanh, Gp Xuân Lộc;1;;2018/10/05 01:43:01;1234
391;4540;28/03/2018;Gx Thánh Đaminh, Hạt Tân Mai, Gp Xuân Lộc;2;;2018/10/05 01:43:01;1234
392;4541;;Gx Vân Am, Hạt Thái Thụy, Gp Thái Bình;1;;2018/10/05 01:43:01;1234
393;4542;;Gx Vân Am, Hạt Thái Thụy, Gp Thái Bình;1;;2018/10/05 01:43:01;1234
394;4557;;Ngọc Đồng, Hạt Hòa Thanh, Gp Xuân Lộc;1;;2018/10/05 01:43:01;1234
395;4558;;Ngọc Đồng, Hạt Hòa Thanh, Gp Xuân Lộc;1;;2018/10/05 01:43:01;1234
396;4490;;Phúc Lâm, Hạt Hố Nai, Gp Xuân Lộc;1;;2018/10/05 01:43:01;1234
397;4434;19/07/2018;Gx Lai Ổn, Hạt Hòa Thanh Gp Xuân Lộc;2;;2018/10/05 01:43:01;1234
398;4501;;Đông Vinh, Hạt Hòa Thanh;1;;2018/10/05 01:43:01;1234
399;4559;;Mỹ Xuyên, Gp Cần Thơ;1;;2018/10/05 01:43:01;1234
400;4560;;Bắc Hải, Hạt Hố Nai, Gp Xuân Lộc;1;;2018/10/05 01:43:01;1234
401;4569;;Ba Đông, Hạt Hố Nai, Gp Xuân Lộc;1;;2018/10/05 01:43:01;1234
402;4570;;Bắc Hòa, Hạt Phú Thịnh, Gp Xuân Lộc;1;;2018/10/05 01:43:01;1234
403;4573;;Thanh Hóa;1;;2018/10/05 01:43:01;1234
404;4574;;Ngọc Đồng, Hạt Hòa Thanh, Gp Xuân Lộc;1;;2018/10/05 01:43:01;1234
405;4455;;Phú Bình, Tgp Sài Gòn;1;;2018/10/05 01:43:01;1234
406;4464;;Mạc-ty-nho, Tgp Sài Gòn;1;;2018/10/05 01:43:01;1234
407;4516;;Bùi Đệ, Hạt Phú Thịnh, Gp Xuân Lộc;1;;2018/10/05 01:43:01;1234
408;4440;;Phương Xá, Gp Thái Bình;1;;2018/10/05 01:43:01;1234
409;4575;;Bùi Thái, Hạt Tân Mai, Gp Xuân Lộc;1;;2018/10/05 01:43:01;1234
410;4576;;Biên Hòa, Hạt Biên Hòa, Gp Xuân Lộc;1;;2018/10/05 01:43:01;1234
411;4432;;Đồng Hiệp, Hạt Phương Lâm, Gp Xuân Lộc;1;;2018/10/05 01:43:01;1234
412;4577;;Tân Điền, Gp Ban Mê Thuột;1;;2018/10/05 01:43:01;1234
413;4578;;Tân Điền, Gp Ban Mê Thuột;1;;2018/10/05 01:43:01;1234
414;4581;;Tân Lộc, Gp Cần Thơ;1;;2018/10/05 01:43:01;1234
415;4580;;Tân Lộc, Gp Cần Thơ;2;;2018/10/05 01:43:01;1234
416;4526;;Đông Phú, Gp Thái Bình;1;;2018/10/05 01:43:01;1234
417;3985;22/02/2016;Gx Thái Hiệp, Hạt Biên Hòa, Gp Xuân Lộc;2;;2018/10/05 01:43:01;1234
418;4053;22/02/2016;Gx Thái Hiệp, Hạt Biên Hòa, Gp Xuân Lộc;2;;2018/10/05 01:43:01;1234
419;4386;;Lai Tê, Gp Bắc Ninh;1;;2018/10/05 01:43:01;1234
420;2421;01/03/2015;Gx Phúc Hải, Hạt Biên Hòa, Gp Xuân Lộc;2;;2018/10/05 01:43:01;1234
421;2422;01/03/2015;Gx Phúc Hải, Hạt Biên Hòa, Gp Xuân Lộc;2;;2018/10/05 01:43:01;1234
422;2423;01/03/2015;Gx Phúc Hải, Hạt Biên Hòa, Gp Xuân Lộc;2;;2018/10/05 01:43:01;1234
423;2424;01/03/2015;Gx Phúc Hải, Hạt Biên Hòa, Gp Xuân Lộc;2;;2018/10/05 01:43:01;1234
424;3867;01/03/2015;Gx Phúc Hải, Hạt Biên Hòa, Gp Xuân Lộc;2;;2018/10/05 01:43:01;1234
425;2974;04/03/2016;Gx Thánh Tâm, Hạt Hố Nai, Gp Xuân Lộc;2;;2018/10/05 01:43:01;1234
426;2975;04/03/2016;Gx Thánh Tâm, Hạt Hố Nai, Gp Xuân Lộc;2;;2018/10/05 01:43:01;1234
427;3234;04/03/2016;Gx Thánh Tâm, Hạt Hố Nai, Gp Xuân Lộc;2;;2018/10/05 01:43:01;1234
428;4051;04/03/2016;Gx Thánh Tâm, Hạt Hố Nai, Gp Xuân Lộc;2;;2018/10/05 01:43:01;1234
429;4607;;Gx Bùi Chu, Hạt Phú Thịnh;1;;2018/10/05 01:43:01;1234
430;4610;;Tân Hà, Gp Đà Lạt;1;;2018/10/05 01:43:01;1234
431;4615;;;1;;2018/10/05 01:43:01;1234
432;2524;;;1;;2018/10/05 01:43:01;1234
433;4625;;Trung Nghĩa, Hạt Hố Nai Gp Xuân Lộc;1;;2018/10/05 01:43:01;1234
434;4633;;Thái Hòa, Gh Hòa Thanh, Gp Xuân Lộc;1;;2018/10/05 01:43:01;1234
435;4634;;Ngô Xá, Hạt Hòa Thanh, Gp Xuân Lộc;1;;2018/10/05 01:43:01;1234
436;4641;09/02/2018;Gx Mỹ Vân, Hạt Lạc An, Gp Phú Cường;2;;2018/10/05 01:43:01;1234
437;4177;;Thái Hòa. Hạt Hòa Thanh;2;;2018/10/05 01:43:01;1234
438;4647;;Kim Bích, Hạt Hố Nai;1;;2018/10/05 01:43:01;1234
439;1894;10/08/2016;Gx Phú Sơn, Hạt Phú Thịnh, Gp Xuân Lộc;2;;2018/10/05 01:43:01;1234
440;1895;10/08/2016;Gx Phú Sơn, Hạt Phú Thịnh, Gp Xuân Lộc;2;;2018/10/05 01:43:01;1234
441;1896;10/08/2016;Gx Phú Sơn, Hạt Phú Thịnh, Gp Xuân Lộc;2;;2018/10/05 01:43:01;1234
442;3622;10/08/2016;Gx Phú Sơn, Hạt Phú Thịnh, Gp Xuân Lộc;2;;2018/10/05 01:43:01;1234
443;3873;;Tiên Chu, Hạt Hòa Thanh, Gp Xuân Lộc;1;;2018/10/05 01:43:01;1234
444;4654;;Phước Nam, Gp Thanh Hóa;1;;2018/10/05 01:43:01;1234
445;4655;;Phước Nam, Gp Thanh Hóa;1;;2018/10/05 01:43:01;1234
446;3553;26/08/2016;Gx Xuân Hòa, Hạt Tân Mai, Gp Xuân Lộc;2;;2018/10/05 01:43:01;1234
447;3554;26/08/2016;Gx Xuân Hòa, Hạt Tân Mai, Gp Xuân Lộc;2;;2018/10/05 01:43:01;1234
448;615;24/09/2016;Hoa Kỳ;2;;2018/10/05 01:43:01;1234
449;4007;24/09/2016;Hoa Kỳ;2;;2018/10/05 01:43:01;1234
450;4384;24/09/2016;Hoa Kỳ;2;;2018/10/05 01:43:01;1234
451;4673;;Lộ Đức, Hạt Hòa Thanh, Gp Xuân Lộc;1;;2018/10/05 01:43:01;1234
452;4585;;Tân Lộc, Gp Cần Thơ;1;;2018/10/05 01:43:01;1234
453;4582;;Tân Lộc, Gp Cần Thơ;1;;2018/10/05 01:43:01;1234
454;4583;;Tân Lộc, Gp Cần Thơ;1;;2018/10/05 01:43:01;1234
455;4677;;Hà Nội, Hạt Hố Nai, Gp Xuân Lộc;1;;2018/10/05 01:43:01;1234
456;4681;;Bắc Hòa, Hạt Phú Thịnh, Gp Xuân Lộc;1;;2018/10/05 01:43:01;1234
457;4604;;Phục Lễ, Thái Bình;1;;2018/10/05 01:43:01;1234
458;4689;;Tân Mai Hạt Tân Mai, Gp Xuân Lộc;1;;2018/10/05 01:43:01;1234
459;4691;;Ngọc Đồng, Hạt Hòa Thanh, Gp Xuân Lộc;1;;2018/10/05 01:43:01;1234
460;3808;;Ngô Xá, Hạt Hòa Thanh, Gp Xuân Lộc;1;;2018/10/05 01:43:01;1234
461;4714;;Xuân Đông, Gp Xuân Lộc;1;;2018/10/05 01:43:01;1234
462;4715;;Xuân Đông, Gp Xuân Lộc;1;;2018/10/05 01:43:01;1234
463;2760;12/02/2017;Gx Thánh Tâm, Hạt Hố Nai, Gp Xuân Lộc;2;;2018/10/05 01:43:01;1234
464;2761;12/02/2017;Gx Thánh Tâm, Hạt Hố Nai, Gp Xuân Lộc;2;;2018/10/05 01:43:01;1234
465;2762;12/02/2017;Gx Thánh Tâm, Hạt Hố Nai, Gp Xuân Lộc;2;;2018/10/05 01:43:01;1234
466;2763;12/02/2017;Gx Thánh Tâm, Hạt Hố Nai, Gp Xuân Lộc;2;;2018/10/05 01:43:01;1234
467;3459;12/02/2017;Gx Thánh Tâm, Hạt Hố Nai, Gp Xuân Lộc;2;;2018/10/05 01:43:01;1234
468;1679;20/02/2017;Gx Bùi Chu, Hạt Phú Thịnh;2;;2018/10/05 01:43:01;1234
469;1680;20/02/2017;Gx Bùi Chu, Hạt Phú Thịnh;2;;2018/10/05 01:43:01;1234
470;1681;20/02/2017;Gx Bùi Chu, Hạt Phú Thịnh;2;;2018/10/05 01:43:01;1234
471;1682;20/02/2017;Gx Bùi Chu, Hạt Phú Thịnh;2;;2018/10/05 01:43:01;1234
472;1683;20/02/2017;Gx Bùi Chu, Hạt Phú Thịnh;2;;2018/10/05 01:43:01;1234
473;4163;20/02/2017;Gx Bùi Chu, Hạt Phú Thịnh;2;;2018/10/05 01:43:01;1234
474;3148;21/02/2017;Gx Phúc Lâm, Hạt Hố Nai;2;;2018/10/05 01:43:01;1234
475;3149;21/02/2017;Gx Phúc Lâm, Hạt Hố Nai;2;;2018/10/05 01:43:01;1234
476;3150;21/02/2017;Gx Phúc Lâm, Hạt Hố Nai;2;;2018/10/05 01:43:01;1234
477;3151;21/02/2017;Gx Phúc Lâm, Hạt Hố Nai;2;;2018/10/05 01:43:01;1234
478;3152;21/02/2017;Gx Phúc Lâm, Hạt Hố Nai;2;;2018/10/05 01:43:01;1234
479;3208;22/02/2017;Gx Thanh Hóa, Hạt Hòa Thanh, Gp Xuân Lộc;2;;2018/10/05 01:43:01;1234
480;3209;22/02/2017;Gx Thanh Hóa, Hạt Hòa Thanh, Gp Xuân Lộc;2;;2018/10/05 01:43:01;1234
481;4266;22/02/2017;Gx Thanh Hóa, Hạt Hòa Thanh, Gp Xuân Lộc;2;;2018/10/05 01:43:01;1234
482;4736;;Tiên Chu, Hạt Hòa Thanh, Gp Xuân Lộc;1;;2018/10/05 01:43:01;1234
483;4739;;Ba Đông, Hạt Hố Nai, Gp Xuân Lộc;1;;2018/10/05 01:43:01;1234
484;4742;;Hòa Bình, Hạt Hòa Thanh, Gp Xuân Lộc;1;;2018/10/05 01:43:01;1234
485;4402;07/04/2017;Gx Xuân Hòa, Hạt Tân Mai, Gp Xuân Lộc;2;;2018/10/05 01:43:01;1234
486;4403;07/04/2017;Gx Xuân Hòa, Hạt Tân Mai, Gp Xuân Lộc;2;;2018/10/05 01:43:01;1234
487;4404;07/04/2017;Gx Xuân Hòa, Hạt Tân Mai, Gp Xuân Lộc;2;;2018/10/05 01:43:01;1234
488;3806;26/04/2017;Gx Thánh Tâm, Hạt Hố Nai, Gp Xuân Lộc;2;;2018/10/05 01:43:01;1234
489;4761;;Hòa Bình, Hạt Hòa Thanh;1;;2018/10/05 01:43:01;1234
490;2622;27/06/2017;Hoa Kỳ;2;;2018/10/05 01:43:01;1234
491;2623;27/06/2017;Hoa Kỳ;2;;2018/10/05 01:43:01;1234
492;2624;28/03/2018;Gx Thánh Đaminh, Hạt Tân Mai, Gp Xuân Lộc;2;;2018/10/05 01:43:01;1234
493;2625;27/06/2017;Hoa Kỳ;2;;2018/10/05 01:43:01;1234
494;2626;27/06/2017;Hoa Kỳ;2;;2018/10/05 01:43:01;1234
495;2627;27/06/2017;Hoa Kỳ;2;;2018/10/05 01:43:01;1234
496;2628;27/06/2017;Hoa Kỳ;2;;2018/10/05 01:43:01;1234
497;2113;19/07/2017;Gx Tân Thành, Hạt Phú Thịnh;2;;2018/10/05 01:43:01;1234
498;2114;19/07/2017;Gx Tân Thành, Hạt Phú Thịnh;2;;2018/10/05 01:43:01;1234
499;2115;19/07/2017;Gx Tân Thành, Hạt Phú Thịnh;2;;2018/10/05 01:43:01;1234
500;2116;19/07/2017;Gx Tân Thành, Hạt Phú Thịnh;2;;2018/10/05 01:43:01;1234
501;3532;19/07/2017;Gx Tân Thành, Hạt Phú Thịnh;2;;2018/10/05 01:43:01;1234
502;4782;;Bắc Hải, Hạt Hố Nai, Gp Xuân Lộc;1;;2018/10/05 01:43:01;1234
503;4783;;Bắc Hải, Hạt Hố Nai, Gp Xuân Lộc;1;;2018/10/05 01:43:01;1234
504;4786;;Tiên Chu, Hạt Hòa Thanh, Gp Xuân Lộc;1;;2018/10/05 01:43:01;1234
505;4787;;Tiên Chu, Hạt Hòa Thanh, Gp Xuân Lộc;1;;2018/10/05 01:43:01;1234
506;387;24/07/2017;Gx Bùi Vĩnh, Hạt Tân Mai;2;;2018/10/05 01:43:01;1234
507;388;24/07/2017;Gx Bùi Vĩnh, Hạt Tân Mai;2;;2018/10/05 01:43:01;1234
508;389;24/07/2017;Gx Bùi Vĩnh, Hạt Tân Mai;2;;2018/10/05 01:43:01;1234
509;390;24/07/2017;Gx Bùi Vĩnh, Hạt Tân Mai;2;;2018/10/05 01:43:01;1234
510;3526;24/07/2017;Gx Bùi Vĩnh, Hạt Tân Mai;2;;2018/10/05 01:43:01;1234
511;1287;26/07/2017;Gx Thanh Hóa, Hạt Hòa Thanh, Gp Xuân Lộc;2;;2018/10/05 01:43:01;1234
512;1288;26/07/2017;Gx Thanh Hóa, Hạt Hòa Thanh, Gp Xuân Lộc;2;;2018/10/05 01:43:01;1234
513;1289;26/07/2017;Gx Thanh Hóa, Hạt Hòa Thanh, Gp Xuân Lộc;2;;2018/10/05 01:43:01;1234
514;3694;26/07/2017;Gx Thanh Hóa, Hạt Hòa Thanh, Gp Xuân Lộc;2;;2018/10/05 01:43:01;1234
515;4794;;Ngọc Đồng, Hòa Thanh, Xuân Lộc;1;;2018/10/05 01:43:01;1234
516;4795;;Ngọc Đồng, Hạt Hòa Thanh, Gp Xuân Lộc;1;;2018/10/05 01:43:01;1234
517;3243;23/08/2017;Gx Hà Nội, Hạt Hố Nai, Gp Xuân Lộc;2;;2018/10/05 01:43:01;1234
518;3244;23/08/2017;Gx Hà Nội, Hạt Hố Nai, Gp Xuân Lộc;2;;2018/10/05 01:43:01;1234
519;3414;23/08/2017;Gx Hà Nội, Hạt Hố Nai, Gp Xuân Lộc;2;;2018/10/05 01:43:01;1234
520;3240;14/09/2017;Gx Thánh Tâm, Hạt Hố Nai, Gp Xuân Lộc;2;;2018/10/05 01:43:01;1234
521;3241;14/09/2017;Gx Thánh Tâm, Hạt Hố Nai, Gp Xuân Lộc;2;;2018/10/05 01:43:01;1234
522;3242;14/09/2017;Gx Thánh Tâm, Hạt Hố Nai, Gp Xuân Lộc;2;;2018/10/05 01:43:01;1234
523;3931;14/09/2017;Gx Thánh Tâm, Hạt Hố Nai, Gp Xuân Lộc;2;;2018/10/05 01:43:01;1234
524;4815;;Đông Thành, Gp Thái Bình;1;;2018/10/05 01:43:01;1234
525;4821;;Hòa Bình, Hạt Hòa Thanh, Gp Xuân Lộc;1;;2018/10/05 01:43:01;1234
526;4819;;Hòa Bình, Hạt Hòa Thanh, Gp Xuân Lộc;1;;2018/10/05 01:43:01;1234
527;158;16/10/2017;Gx Tân Mai, Hạt Tân Mai Gp Xuân Lộc;2;;2018/10/05 01:43:01;1234
528;4082;16/10/2017;Gx Tân Mai, Hạt Tân Mai Gp Xuân Lộc;2;;2018/10/05 01:43:01;1234
529;4199;16/10/2017;Gx Tân Mai, Hạt Tân Mai Gp Xuân Lộc;2;;2018/10/05 01:43:01;1234
530;4842;;Sài Quất, Hạt Hòa Thanh, Gp Xuân Lộc;1;;2018/10/05 01:43:01;1234
531;3053;27/11/2017;Gx Thánh Tâm, Hạt Hố Nai, Gp Xuân Lộc;2;;2018/10/05 01:43:01;1234
532;3054;27/11/2017;Gx Thánh Tâm, Hạt Hố Nai, Gp Xuân Lộc;2;;2018/10/05 01:43:01;1234
533;3055;27/11/2017;Gx Thánh Tâm, Hạt Hố Nai, Gp Xuân Lộc;2;;2018/10/05 01:43:01;1234
534;3865;27/11/2017;Gx Thánh Tâm, Hạt Hố Nai, Gp Xuân Lộc;2;;2018/10/05 01:43:01;1234
535;4506;27/11/2017;Gx Thánh Tâm, Hạt Hố Nai, Gp Xuân Lộc;2;;2018/10/05 01:43:01;1234
536;4848;;Chuyên Mỹ, Tgp Hà Nội;1;;2018/10/05 01:43:01;1234
537;4855;;Lộ Đức, Hạt Hòa Thanh, Gp Xuân Lộc;1;;2018/10/05 01:43:01;1234
538;4515;;Lộ Đức, Hạt Hòa Thanh, Gp Xuân Lộc;1;;2018/10/05 01:43:01;1234
539;4860;;Lộ Đức, Hạt Hòa Thanh, Gp Xuân Lộc;1;;2018/10/05 01:43:01;1234
540;4862;24/09/2016;Hoa Kỳ;2;;2018/10/05 01:43:01;1234
541;4406;09/02/2018;Gx Mỹ Vân, Hạt Lạc An, Gp Phú Cường;2;;2018/10/05 01:43:01;1234
542;4729;09/02/2018;Gx Mỹ Vân, Hạt Lạc An, Gp Phú Cường;2;;2018/10/05 01:43:01;1234
543;4622;;Thượng Phúc, Hạt Lạc An, Gp Phú Cường;1;;2018/10/05 01:43:01;1234
544;4704;28/03/2018;Gx Thánh Đaminh, Hạt Tân Mai, Gp Xuân Lộc;2;;2018/10/05 01:43:01;1234
545;4891;;Hòa Bình, Hạt Hòa Thanh, Gp Xuân Lộc;1;;2018/10/05 01:43:01;1234
546;4892;;Hòa Bình, Hạt Hòa Thanh, Gp Xuân Lộc;1;;2018/10/05 01:43:01;1234
547;2224;;Trung Nghĩa. Hạt Hố Nai, Gp Xuân Lộc;2;;2018/10/05 01:43:01;1234
548;4893;;Gx Tiên Chu, Gh Hòa Thanh, Gp Xuân Lộc;1;;2018/10/05 01:43:01;1234
549;4894;;Gx Tiên Chu, Gh Hòa Thanh, Gp Xuân Lộc;1;;2018/10/05 01:43:01;1234
550;4899;;Thạch Lâm, Hạt Phương Lâm, Gp Xuân Lộc;1;;2018/10/05 01:43:01;1234
551;4900;;An Sơn, Gp;1;;2018/10/05 01:43:01;1234
552;4908;;Tiên Chu, Hạt Hòa Thanh, Gp Xuân Lộc;1;;2018/10/05 01:43:01;1234
553;4912;;Lộ Đức, Hạt Hòa Thanh, Gp Xuân Lộc;1;;2018/10/05 01:43:01;1234
554;4925;;Kẻ Sặt, Hạt Hố Nai, Gp Xuân Lộc;1;;2018/10/05 01:43:01;1234
555;4928;;Sài Quất, Hạt Hòa Thanh, Gp Xuân Lộc;1;;2018/10/05 01:43:01;1234
556;4349;20/06/2018;Gx Thái Hòa, Gh Hòa Thanh, Gp Xuân Lộc;2;;2018/10/05 01:43:01;1234
557;4596;20/06/2018;Gx Thái Hòa, Gh Hòa Thanh, Gp Xuân Lộc;2;;2018/10/05 01:43:01;1234
558;4930;;Tiên Chu, Hạt Hòa Thanh, Gp Xuân Lộc;1;;2018/10/05 01:43:01;1234
559;496;29/06/2018;Gx Phú Sơn, Hạt Phú Thịnh, Gp Xuân Lộc;2;;2018/10/05 01:43:01;1234
560;497;29/06/2018;Gx Phú Sơn, Hạt Phú Thịnh, Gp Xuân Lộc;2;;2018/10/05 01:43:01;1234
561;498;29/06/2018;Gx Phú Sơn, Hạt Phú Thịnh, Gp Xuân Lộc;2;;2018/10/05 01:43:01;1234
562;499;29/06/2018;Gx Phú Sơn, Hạt Phú Thịnh, Gp Xuân Lộc;2;;2018/10/05 01:43:01;1234
563;500;29/06/2018;Gx Phú Sơn, Hạt Phú Thịnh, Gp Xuân Lộc;2;;2018/10/05 01:43:01;1234
564;4765;;Thái Hòa, Hạt Hòa Thanh, Gp Xuân Lộc;1;;2018/10/05 01:43:01;1234
565;4466;19/07/2018;Gx Lai Ổn, Hạt Hòa Thanh Gp Xuân Lộc;2;;2018/10/05 01:43:01;1234
566;4467;19/07/2018;Gx Lai Ổn, Hạt Hòa Thanh Gp Xuân Lộc;2;;2018/10/05 01:43:01;1234
567;4478;19/07/2018;Gx Lai Ổn, Hạt Hòa Thanh Gp Xuân Lộc;2;;2018/10/05 01:43:01;1234
568;4942;;Lộ Đức, Hạt Hòa Thanh, Gp Xuân Lộc;1;;2018/10/05 01:43:01;1234
569;4944;;Quảng Biên, Hạt Phú Thịnh, Gp Xuân Lộc;1;;2018/10/05 01:43:01;1234
570;4961;;Gx Tiên Chu, Gh Hòa Thanh, Gp Xuân Lộc;1;;2018/10/05 01:43:01;1234
571;4964;;Gx Thái Hòa, Gh Hòa Thanh;1;;2018/10/05 01:43:01;1234
572;4873;;La Ngà, Gp Xuân Lộc;1;;2018/10/05 01:43:01;1234
573;936;03/09/2018;Gx Hà Nội, Hạt Hố Nai, Gp Xuân Lộc;2;;2018/10/05 01:43:01;1234
574;937;03/09/2018;Gx Hà Nội, Hạt Hố Nai, Gp Xuân Lộc;2;;2018/10/05 01:43:01;1234
575;938;03/09/2018;Gx Hà Nội, Hạt Hố Nai, Gp Xuân Lộc;2;;2018/10/05 01:43:01;1234
576;939;03/09/2018;Gx Hà Nội, Hạt Hố Nai, Gp Xuân Lộc;2;;2018/10/05 01:43:01;1234
577;2207;06/09/2018;Gx Rạch Giá, Hạt Kiên Giang, Gp Long Xuyên;2;;2018/10/05 01:43:01;1234
578;2208;06/09/2018;Gx Rạch Giá, Hạt Kiên Giang, Gp Long Xuyên;2;;2018/10/05 01:43:01;1234
579;2209;06/09/2018;Gx Rạch Giá, Hạt Kiên Giang, Gp Long Xuyên;2;;2018/10/05 01:43:01;1234
580;2210;06/09/2018;Gx Rạch Giá, Hạt Kiên Giang, Gp Long Xuyên;2;;2018/10/05 01:43:01;1234
581;2211;06/09/2018;Gx Rạch Giá, Hạt Kiên Giang, Gp Long Xuyên;2;;2018/10/05 01:43:01;1234
